,alpha,beta,loss,x,y
0,-0.5,-0.5,0.04342943358421326,-0.13257572054862976,-0.12527227401733398
1,-0.5,-0.16666666666666666,0.008632252338156104,-0.08346117287874222,0.025429362431168556
2,-0.5,0.16666666666666666,0.01706526947617531,-0.03177045285701752,0.1470266580581665
3,-0.16666666666666666,-0.5,0.03161008483767509,-0.11430547386407852,-0.06612441688776016
4,-0.16666666666666666,-0.16666666666666666,0.003001807796439971,-0.07000701129436493,0.059292200952768326
5,-0.16666666666666666,0.16666666666666666,0.0031926382426579946,-0.023863881826400757,0.1570989042520523
6,0.16666666666666666,-0.5,0.025572835338115694,-0.09242065995931625,-0.019685186445713043
7,0.16666666666666666,-0.16666666666666666,0.0029374482426792383,-0.05256319418549538,0.07485322654247284
8,0.16666666666666666,0.16666666666666666,0.0026123803233960644,-0.013183023780584335,0.15141929686069489
